{
  "block.sculk_shrieker.shriek": {
    "replace": "true",
    "sounds": [
      {
        "name": "block/sculk_shrieker/sculk_shrieker_warn1",
        "pitch": 1.3,
        "attenuation_distance": 16,
        "category": "hostile",
        "volume": 0.6
      }
    ]
  },
  "entity.warden.agitated": {
    "replace": "true",
    "sounds": [
      {
        "name": "mob/warden/en_a_1",
        "pitch": 1.0,
        "attenuation_distance": 16,
        "category": "hostile",
        "volume": 1.0
      }
    ]
  },
  "entity.warden.ambient": {
    "replace": "true",
    "sounds": [
      {
        "name": "mob/warden/en_a_2",
        "pitch": 1.0,
        "attenuation_distance": 32,
        "category": "hostile",
        "volume": 1.0
      }
    ]
  },
  "entity.warden.angry": {
    "replace": "true",
    "sounds": [
      {
        "name": "mob/warden/heng_a_a_1",
        "pitch": 1.0,
        "attenuation_distance": 32,
        "category": "hostile",
        "volume": 1.0
      }
    ]
  },
  "entity.warden.attack_impact": {
    "replace": "true",
    "sounds": [
      {
        "name": "mob/warden/heng_a_a_1",
        "pitch": 1.0,
        "attenuation_distance": 32,
        "category": "hostile",
        "volume": 1.0
      }
    ]
  },
  "entity.warden.death": {
    "replace": "true",
    "sounds": [
      {
        "name": "mob/warden/ni_shi_yi_ge",
        "pitch": 1.0,
        "attenuation_distance": 32,
        "category": "hostile",
        "volume": 1.0
      }
    ]
  },
  "entity.warden.dig": {
    "replace": "true",
    "sounds": [
      {
        "name": "mob/warden/ya_li_ma_si_nei",
        "pitch": 0.3,
        "attenuation_distance": 32,
        "category": "hostile",
        "volume": 1.0
      }
    ]
  },
  "entity.warden.heartbeat": {
    "replace": "true",
    "sounds": [
      {
        "name": "mob/warden/heng_2",
        "pitch": 0.95,
        "attenuation_distance": 32,
        "category": "hostile",
        "volume": 0.1
      }
    ]
  },
  "entity.warden.hurt": {
    "replace": "true",
    "sounds": [
      {
        "name": "mob/warden/ni_shi_yi_ge_2",
        "pitch": 1,
        "attenuation_distance": 32,
        "category": "hostile",
        "volume": 1
      }
    ]
  },
  "entity.warden.listening": {
    "replace": "true",
    "sounds": [
      {
        "name": "mob/warden/ya_li_ma_si_nei_2",
        "pitch": 1,
        "attenuation_distance": 32,
        "category": "hostile",
        "volume": 0.7
      }
    ]
  },
  "entity.warden.listening_angry": {
    "replace": "true",
    "sounds": [
      {
        "name": "mob/warden/ya_li_ma_si_nei_2",
        "pitch": 1.3,
        "attenuation_distance": 32,
        "category": "hostile",
        "volume": 1
      }
    ]
  },
  "entity.warden.nearby_close": {
    "replace": "true",
    "sounds": [
      {
        "name": "mob/warden/ya_li_ma_si_nei_2",
        "pitch": 1,
        "attenuation_distance": 32,
        "category": "hostile",
        "volume": 0.2
      }
    ]
  },
  "entity.warden.nearby_closer": {
    "replace": "true",
    "sounds": [
      {
        "name": "mob/warden/ya_li_ma_si_nei_2",
        "pitch": 1.06,
        "attenuation_distance": 32,
        "category": "hostile",
        "volume": 0.7
      }
    ]
  },
  "entity.warden.nearby_closest": {
    "replace": "true",
    "sounds": [
      {
        "name": "mob/warden/ya_li_ma_si_nei_2",
        "pitch": 1.1,
        "attenuation_distance": 32,
        "category": "hostile",
        "volume": 1
      }
    ]
  },
  "entity.warden.roar": {
    "replace": "true",
    "sounds": [
      {
        "name": "mob/warden/aaaaaaaaaaa",
        "pitch": 1,
        "attenuation_distance": 32,
        "category": "hostile",
        "volume": 1
      }
    ]
  },
  "entity.warden.sniff": {
    "replace": "true",
    "sounds": [
      {
        "name": "mob/warden/ya_li_ma_si_neineinei",
        "pitch": 1,
        "attenuation_distance": 32,
        "category": "hostile",
        "volume": 1
      }
    ]
  },
  "entity.warden.sonic_boom": {
    "replace": "true",
    "sounds": [
      {
        "name": "mob/warden/aaaaaaaaaaa_2",
        "pitch": 1,
        "attenuation_distance": 32,
        "category": "hostile",
        "volume": 0.7
      }
    ]
  },
  "entity.warden.sonic_charge": {
    "replace": "true",
    "sounds": [
      {
        "name": "mob/warden/enhengheng_fast",
        "pitch": 1,
        "attenuation_distance": 32,
        "category": "hostile",
        "volume": 0.7
      }
    ]
  },
  "entity.warden.tendril_clicks": {
    "replace": "true",
    "sounds": [
      {
        "name": "mob/warden/ya_li_ma",
        "pitch": 1,
        "attenuation_distance": 32,
        "category": "hostile",
        "volume": 1
      }
    ]
  }









}